Mã_KH,Recency,Frequency,Monetary,AvgOrderValue,TenureMonths,R_score,F_score,M_score,RFM_Score,Segment
KH-0001,32,14,4918980000.0,351355714,10.7,2,4,5,245,At Risk
KH-0002,54,10,286125000.0,28612500,10.1,1,2,1,121,Lost Customers
KH-0003,11,6,35070000.0,5845000,9.2,4,1,1,411,New Customers
KH-0004,62,13,3520800000.0,270830769,9.0,1,3,5,135,At Risk
KH-0005,7,20,1635870000.0,81793500,11.6,5,5,4,554,Champions
KH-0006,16,12,538800000.0,44900000,9.6,4,3,2,432,Potential Loyalist
KH-0007,37,11,578310000.0,52573636,10.2,2,2,2,222,Hibernating
KH-0008,19,16,2565480000.0,160342500,10.6,3,5,5,355,Loyal
KH-0009,14,12,2885955000.0,240496250,11.2,4,3,5,435,Loyal
KH-0010,35,11,2117235000.0,192475909,10.8,2,2,5,225,At Risk
KH-0011,1,20,2494185000.0,124709250,11.7,5,5,5,555,Champions
KH-0012,35,12,3513360000.0,292780000,9.3,2,3,5,235,At Risk
KH-0013,8,12,545595000.0,45466250,7.5,4,3,2,432,Potential Loyalist
KH-0014,5,9,544860000.0,60540000,11.9,5,1,2,512,New Customers
KH-0015,45,12,693150000.0,57762500,10.4,2,3,2,232,Hibernating
KH-0016,6,12,627930000.0,52327500,11.0,5,3,2,532,Potential Loyalist
KH-0017,18,9,715545000.0,79505000,9.9,3,1,2,312,About To Sleep
KH-0018,32,12,1776000000.0,148000000,11.0,2,3,4,234,At Risk
KH-0019,3,12,964710000.0,80392500,10.6,5,3,3,533,Potential Loyalist
KH-0020,40,15,274530000.0,18302000,8.5,2,4,1,241,About To Sleep
KH-0021,84,13,2190330000.0,168486923,7.4,1,3,5,135,At Risk
KH-0022,3,15,2157825000.0,143855000,11.6,5,4,5,545,Champions
KH-0023,4,12,520890000.0,43407500,11.7,5,3,2,532,Potential Loyalist
KH-0024,14,9,668850000.0,74316667,11.4,4,1,2,412,New Customers
KH-0025,60,14,1461045000.0,104360357,9.8,1,4,4,144,Cannot Lose Them
KH-0026,146,8,409695000.0,51211875,7.2,1,1,1,111,Lost Customers
KH-0027,50,11,1227375000.0,111579545,10.1,1,2,4,124,At Risk
KH-0028,3,13,7573185000.0,582552692,10.5,5,3,5,535,Need Attention
KH-0029,58,13,2159775000.0,166136538,10.1,1,3,5,135,At Risk
KH-0030,49,13,2764815000.0,212678077,10.3,2,3,5,235,At Risk
KH-0031,10,11,679020000.0,61729091,10.0,4,2,2,422,New Customers
KH-0032,2,15,2137515000.0,142501000,11.5,5,4,5,545,Champions
KH-0033,46,18,988140000.0,54896667,9.9,2,5,3,253,At Risk
KH-0034,10,4,64275000.0,16068750,6.6,4,1,1,411,New Customers
KH-0035,139,9,609210000.0,67690000,5.0,1,1,2,112,Lost Customers
KH-0036,15,17,606465000.0,35674412,11.5,4,5,2,452,Potential Loyalist
KH-0037,13,9,224130000.0,24903333,10.1,4,1,1,411,New Customers
KH-0038,6,14,2803425000.0,200244643,11.2,5,4,5,545,Champions
KH-0039,5,17,717945000.0,42232059,11.8,5,5,2,552,Potential Loyalist
KH-0040,3,10,427245000.0,42724500,11.7,5,2,1,521,Promising
KH-0041,14,17,2303535000.0,135502059,11.1,4,5,5,455,Champions
KH-0042,15,9,7002285000.0,778031667,11.5,4,1,5,415,Promising
KH-0043,16,9,1235715000.0,137301667,8.9,4,1,4,414,Promising
KH-0044,77,9,165765000.0,18418333,8.2,1,1,1,111,Lost Customers
KH-0045,132,11,408090000.0,37099091,7.6,1,2,1,121,Lost Customers
KH-0046,44,20,748575000.0,37428750,10.2,2,5,2,252,At Risk
KH-0047,3,11,1119750000.0,101795455,11.7,5,2,3,523,Promising
KH-0048,130,8,1572375000.0,196546875,5.2,1,1,4,114,Cannot Lose Them
KH-0049,21,11,1125060000.0,102278182,11.1,3,2,3,323,Potential Loyalist
KH-0050,88,12,903780000.0,75315000,8.9,1,3,3,133,At Risk
KH-0051,25,8,336825000.0,42103125,10.6,3,1,1,311,New Customers
KH-0052,19,18,1200315000.0,66684167,11.4,3,5,3,353,Potential Loyalist
KH-0053,8,6,483060000.0,80510000,8.6,4,1,2,412,New Customers
KH-0054,18,14,583290000.0,41663571,11.2,3,4,2,342,Potential Loyalist
KH-0055,24,5,477435000.0,95487000,11.1,3,1,1,311,New Customers
KH-0056,35,13,254085000.0,19545000,10.8,2,3,1,231,About To Sleep
KH-0057,18,10,484830000.0,48483000,9.3,3,2,2,322,Hibernating
KH-0058,44,9,573420000.0,63713333,10.6,2,1,2,212,Hibernating
KH-0059,3,16,1827225000.0,114201562,11.9,5,5,4,554,Champions
KH-0060,34,5,146505000.0,29301000,8.5,2,1,1,211,Hibernating
KH-0061,19,12,431850000.0,35987500,11.3,3,3,1,331,About To Sleep
KH-0062,34,10,940740000.0,94074000,8.7,2,2,3,223,Hibernating
KH-0063,23,11,1821810000.0,165619091,7.4,3,2,4,324,Need Attention
KH-0064,89,9,177030000.0,19670000,8.9,1,1,1,111,Lost Customers
KH-0065,10,8,288300000.0,36037500,9.6,4,1,1,411,New Customers
KH-0066,116,11,438480000.0,39861818,7.8,1,2,1,121,Lost Customers
KH-0067,7,11,1853355000.0,168486818,11.0,5,2,4,524,Promising
KH-0068,56,12,432495000.0,36041250,9.9,1,3,1,131,Lost Customers
KH-0069,8,16,3085665000.0,192854062,11.7,4,5,5,455,Champions
KH-0070,32,13,1524825000.0,117294231,10.1,2,3,4,234,At Risk
KH-0071,8,13,808110000.0,62162308,9.4,4,3,3,433,Potential Loyalist
KH-0072,71,11,575175000.0,52288636,9.7,1,2,2,122,Hibernating
KH-0073,10,8,172965000.0,21620625,10.4,4,1,1,411,New Customers
KH-0074,12,16,2895975000.0,180998438,11.5,4,5,5,455,Champions
KH-0075,15,8,454770000.0,56846250,10.5,4,1,1,411,New Customers
KH-0076,3,20,1525080000.0,76254000,11.3,5,5,4,554,Champions
KH-0077,27,15,2498235000.0,166549000,11.0,3,4,5,345,Loyal
KH-0078,48,11,865230000.0,78657273,8.8,2,2,3,223,Hibernating
KH-0079,4,14,241395000.0,17242500,11.4,5,4,1,541,Potential Loyalist
KH-0080,85,13,1210230000.0,93094615,8.8,1,3,4,134,At Risk
KH-0081,38,14,1792980000.0,128070000,9.7,2,4,4,244,At Risk
KH-0082,32,14,1449075000.0,103505357,10.5,2,4,4,244,At Risk
KH-0083,107,6,234750000.0,39125000,7.0,1,1,1,111,Lost Customers
KH-0084,17,17,1221330000.0,71842941,11.0,3,5,4,354,Loyal
KH-0085,10,10,3651945000.0,365194500,11.2,4,2,5,425,Promising
KH-0086,35,9,1286925000.0,142991667,10.5,2,1,4,214,Cannot Lose Them
KH-0087,58,15,4520520000.0,301368000,9.5,1,4,5,145,At Risk
KH-0088,1,14,1872480000.0,133748571,10.3,5,4,4,544,Champions
KH-0089,1,17,1715835000.0,100931471,11.4,5,5,4,554,Champions
KH-0090,3,17,883125000.0,51948529,11.6,5,5,3,553,Potential Loyalist
KH-0091,6,10,678300000.0,67830000,10.5,5,2,2,522,Promising
KH-0092,128,4,134430000.0,33607500,7.6,1,1,1,111,Lost Customers
KH-0093,162,3,77805000.0,25935000,6.7,1,1,1,111,Lost Customers
KH-0094,20,7,596355000.0,85193571,11.3,3,1,2,312,About To Sleep
KH-0095,1,14,425160000.0,30368571,11.1,5,4,1,541,Potential Loyalist
KH-0096,37,11,903180000.0,82107273,10.6,2,2,3,223,Hibernating
KH-0097,23,13,2998215000.0,230631923,10.5,3,3,5,335,Loyal
KH-0098,11,15,824865000.0,54991000,10.6,4,4,3,443,Need Attention
KH-0099,13,12,508875000.0,42406250,11.4,4,3,2,432,Potential Loyalist
KH-0100,143,12,1696380000.0,141365000,7.3,1,3,4,134,At Risk
KH-0101,3,9,832545000.0,92505000,8.4,5,1,3,513,Promising
KH-0102,16,18,3867315000.0,214850833,11.3,4,5,5,455,Champions
KH-0103,38,8,2042370000.0,255296250,6.7,2,1,5,215,Cannot Lose Them
KH-0104,19,13,810045000.0,62311154,11.2,3,3,3,333,Potential Loyalist
KH-0105,32,10,683580000.0,68358000,9.6,2,2,2,222,Hibernating
KH-0106,1,11,304665000.0,27696818,10.5,5,2,1,521,Promising
KH-0107,81,10,903225000.0,90322500,8.2,1,2,3,123,Hibernating
KH-0108,113,10,486180000.0,48618000,7.9,1,2,2,122,Hibernating
KH-0109,34,13,1566480000.0,120498462,10.4,2,3,4,234,At Risk
KH-0110,10,9,1034205000.0,114911667,9.9,4,1,3,413,Promising
KH-0111,4,6,1135620000.0,189270000,9.6,5,1,3,513,Promising
KH-0112,28,8,527445000.0,65930625,9.4,3,1,2,312,About To Sleep
KH-0113,2,17,945930000.0,55642941,11.6,5,5,3,553,Potential Loyalist
KH-0114,12,8,176130000.0,22016250,11.6,4,1,1,411,New Customers
KH-0115,7,16,3178755000.0,198672188,11.5,5,5,5,555,Champions
KH-0116,2,12,461985000.0,38498750,11.3,5,3,1,531,Potential Loyalist
KH-0117,106,17,565710000.0,33277059,8.4,1,5,2,152,At Risk
KH-0118,16,13,1205295000.0,92715000,10.4,4,3,3,433,Potential Loyalist
KH-0119,77,15,470010000.0,31334000,8.2,1,4,1,141,Lost Customers
KH-0120,44,6,352110000.0,58685000,10.1,2,1,1,211,Hibernating
KH-0121,20,13,1034490000.0,79576154,10.3,3,3,3,333,Potential Loyalist
KH-0122,66,12,1538760000.0,128230000,9.5,1,3,4,134,At Risk
KH-0123,29,12,472710000.0,39392500,10.2,2,3,1,231,About To Sleep
KH-0124,9,7,1653240000.0,236177143,10.9,4,1,4,414,Promising
KH-0125,53,11,1827465000.0,166133182,9.7,1,2,4,124,At Risk
KH-0126,28,18,1541355000.0,85630833,8.8,3,5,4,354,Loyal
KH-0127,39,9,1582455000.0,175828333,9.6,2,1,4,214,Cannot Lose Them
KH-0128,118,8,240135000.0,30016875,7.7,1,1,1,111,Lost Customers
KH-0129,65,14,410175000.0,29298214,8.3,1,4,1,141,Lost Customers
KH-0130,25,13,951300000.0,73176923,10.9,3,3,3,333,Potential Loyalist
KH-0131,55,12,689280000.0,57440000,9.5,1,3,2,132,Hibernating
KH-0132,89,10,3634290000.0,363429000,5.7,1,2,5,125,At Risk
KH-0133,6,9,1336215000.0,148468333,9.8,5,1,4,514,Promising
KH-0134,74,10,443460000.0,44346000,9.2,1,2,1,121,Lost Customers
KH-0135,40,10,3083775000.0,308377500,9.8,2,2,5,225,At Risk
KH-0136,13,15,2817495000.0,187833000,11.3,4,4,5,445,Champions
KH-0137,23,12,1504365000.0,125363750,10.8,3,3,4,334,Need Attention
KH-0138,11,13,709725000.0,54594231,11.5,4,3,2,432,Potential Loyalist
KH-0139,17,11,528165000.0,48015000,10.9,3,2,2,322,Hibernating
KH-0140,10,19,983850000.0,51781579,11.4,4,5,3,453,Potential Loyalist
KH-0141,5,8,416955000.0,52119375,10.4,5,1,1,511,New Customers
KH-0142,11,12,866340000.0,72195000,10.7,4,3,3,433,Potential Loyalist
KH-0143,22,13,923880000.0,71067692,9.7,3,3,3,333,Potential Loyalist
KH-0144,2,16,1572600000.0,98287500,11.5,5,5,4,554,Champions
KH-0145,62,10,523470000.0,52347000,9.9,1,2,2,122,Hibernating
KH-0146,86,13,1085925000.0,83532692,7.5,1,3,3,133,At Risk
KH-0147,27,16,1366905000.0,85431562,11.1,3,5,4,354,Loyal
KH-0148,31,9,717360000.0,79706667,10.9,2,1,2,212,Hibernating
KH-0149,76,9,436695000.0,48521667,8.5,1,1,1,111,Lost Customers
KH-0150,46,10,512475000.0,51247500,9.8,2,2,2,222,Hibernating
KH-0151,76,8,655890000.0,81986250,7.5,1,1,2,112,Lost Customers
KH-0152,5,20,4848120000.0,242406000,11.4,5,5,5,555,Champions
KH-0153,3,22,1828395000.0,83108864,11.5,5,5,4,554,Champions
KH-0154,10,17,1267185000.0,74540294,10.8,4,5,4,454,Champions
KH-0155,27,9,666285000.0,74031667,10.0,3,1,2,312,About To Sleep
KH-0156,12,13,1347210000.0,103631538,11.2,4,3,4,434,Need Attention
KH-0157,21,14,484695000.0,34621071,11.3,3,4,2,342,Potential Loyalist
KH-0158,68,13,3138225000.0,241401923,9.8,1,3,5,135,At Risk
KH-0159,46,8,255885000.0,31985625,10.0,2,1,1,211,Hibernating
KH-0160,74,9,2035095000.0,226121667,9.5,1,1,5,115,Cannot Lose Them
KH-0161,1,12,896475000.0,74706250,11.0,5,3,3,533,Potential Loyalist
KH-0162,22,9,4109655000.0,456628333,10.2,3,1,5,315,Promising
KH-0163,12,8,909465000.0,113683125,11.3,4,1,3,413,Promising
KH-0164,5,12,251340000.0,20945000,9.1,5,3,1,531,Potential Loyalist
KH-0165,2,20,3257775000.0,162888750,11.8,5,5,5,555,Champions
KH-0166,27,18,846570000.0,47031667,9.8,3,5,3,353,Potential Loyalist
KH-0167,21,15,1042800000.0,69520000,11.2,3,4,3,343,Need Attention
KH-0168,14,16,2280240000.0,142515000,11.4,4,5,5,455,Champions
KH-0169,61,7,299625000.0,42803571,9.8,1,1,1,111,Lost Customers
KH-0170,7,9,1299450000.0,144383333,11.6,5,1,4,514,Promising
KH-0171,21,10,286005000.0,28600500,10.8,3,2,1,321,About To Sleep
KH-0172,23,11,748725000.0,68065909,11.1,3,2,2,322,Hibernating
KH-0173,12,13,951060000.0,73158462,10.3,4,3,3,433,Potential Loyalist
KH-0174,22,9,535440000.0,59493333,10.5,3,1,2,312,About To Sleep
KH-0175,9,18,1961295000.0,108960833,11.7,4,5,5,455,Champions
KH-0176,61,11,2131380000.0,193761818,8.6,1,2,5,125,At Risk
KH-0177,20,13,6452610000.0,496354615,8.3,3,3,5,335,Loyal
KH-0178,17,14,746850000.0,53346429,10.5,3,4,2,342,Potential Loyalist
KH-0179,64,12,209820000.0,17485000,7.2,1,3,1,131,Lost Customers
KH-0180,44,5,281220000.0,56244000,5.3,2,1,1,211,Hibernating
KH-0181,11,13,1757220000.0,135170769,11.1,4,3,4,434,Need Attention
KH-0182,15,14,1710810000.0,122200714,10.2,4,4,4,444,Loyal
KH-0183,24,10,1158870000.0,115887000,11.1,3,2,3,323,Potential Loyalist
KH-0184,32,13,642720000.0,49440000,10.3,2,3,2,232,Hibernating
KH-0185,46,8,1915950000.0,239493750,10.3,2,1,5,215,Cannot Lose Them
KH-0186,50,14,1574040000.0,112431429,8.0,1,4,4,144,Cannot Lose Them
KH-0187,80,13,311535000.0,23964231,9.1,1,3,1,131,Lost Customers
KH-0188,10,13,1251480000.0,96267692,10.5,4,3,4,434,Need Attention
KH-0189,38,16,490185000.0,30636562,10.4,2,5,2,252,At Risk
KH-0190,4,11,3875520000.0,352320000,11.2,5,2,5,525,Promising
KH-0191,85,9,396225000.0,44025000,7.7,1,1,1,111,Lost Customers
KH-0192,17,16,1714635000.0,107164688,10.9,3,5,4,354,Loyal
KH-0193,4,16,3964725000.0,247795312,11.5,5,5,5,555,Champions
KH-0194,7,19,2323050000.0,122265789,10.6,5,5,5,555,Champions
KH-0195,31,11,787035000.0,71548636,10.8,2,2,3,223,Hibernating
KH-0196,9,16,976890000.0,61055625,11.7,4,5,3,453,Potential Loyalist
KH-0197,111,7,809970000.0,115710000,6.2,1,1,3,113,Cannot Lose Them
KH-0198,4,19,3290025000.0,173159211,9.5,5,5,5,555,Champions
KH-0199,24,17,614505000.0,36147353,10.9,3,5,2,352,Potential Loyalist
KH-0200,1,12,990225000.0,82518750,10.1,5,3,3,533,Potential Loyalist
KH-0201,36,11,776925000.0,70629545,10.6,2,2,3,223,Hibernating
KH-0202,52,13,1397700000.0,107515385,10.2,1,3,4,134,At Risk
KH-0203,72,13,3133725000.0,241055769,8.2,1,3,5,135,At Risk
KH-0204,17,10,3272430000.0,327243000,10.6,3,2,5,325,Need Attention
KH-0205,7,10,281805000.0,28180500,11.2,5,2,1,521,Promising
KH-0206,33,9,1033515000.0,114835000,10.7,2,1,3,213,About To Sleep
KH-0207,11,10,1014330000.0,101433000,9.7,4,2,3,423,Potential Loyalist
KH-0208,13,13,1242675000.0,95590385,11.3,4,3,4,434,Need Attention
KH-0209,47,18,1047330000.0,58185000,10.2,2,5,3,253,At Risk
KH-0210,58,12,895605000.0,74633750,10.1,1,3,3,133,At Risk
KH-0211,11,14,2960505000.0,211464643,11.4,4,4,5,445,Champions
KH-0212,6,10,2016135000.0,201613500,11.6,5,2,5,525,Promising
KH-0213,16,9,2072070000.0,230230000,10.5,4,1,5,415,Promising
KH-0214,7,11,675435000.0,61403182,10.9,5,2,2,522,Promising
KH-0215,18,14,480840000.0,34345714,11.1,3,4,2,342,Potential Loyalist
KH-0216,119,8,73035000.0,9129375,5.4,1,1,1,111,Lost Customers
KH-0217,10,8,470895000.0,58861875,11.7,4,1,1,411,New Customers
KH-0218,38,8,284670000.0,35583750,10.1,2,1,1,211,Hibernating
KH-0219,29,8,6487845000.0,810980625,10.9,2,1,5,215,Cannot Lose Them
KH-0220,74,14,2061435000.0,147245357,8.2,1,4,5,145,At Risk
KH-0221,32,10,466425000.0,46642500,10.3,2,2,1,221,About To Sleep
KH-0222,7,22,1888230000.0,85828636,11.8,5,5,5,555,Champions
KH-0223,52,7,327225000.0,46746429,10.1,1,1,1,111,Lost Customers
KH-0224,29,11,2787315000.0,253392273,11.0,2,2,5,225,At Risk
KH-0225,22,16,1511745000.0,94484062,10.6,3,5,4,354,Loyal
KH-0226,93,11,1829325000.0,166302273,8.7,1,2,4,124,At Risk
KH-0227,50,9,882330000.0,98036667,9.6,1,1,3,113,Cannot Lose Them
KH-0228,5,12,925755000.0,77146250,11.6,5,3,3,533,Potential Loyalist
KH-0229,11,18,1520040000.0,84446667,11.5,4,5,4,454,Champions
KH-0230,75,7,243045000.0,34720714,8.6,1,1,1,111,Lost Customers
KH-0231,10,17,550335000.0,32372647,11.1,4,5,2,452,Potential Loyalist
KH-0232,57,4,317790000.0,79447500,8.3,1,1,1,111,Lost Customers
KH-0233,95,10,873300000.0,87330000,7.6,1,2,3,123,Hibernating
KH-0234,45,12,1591470000.0,132622500,9.8,2,3,4,234,At Risk
KH-0235,22,19,4104135000.0,216007105,10.2,3,5,5,355,Loyal
KH-0236,3,15,2800695000.0,186713000,11.5,5,4,5,545,Champions
KH-0237,6,13,440940000.0,33918462,11.1,5,3,1,531,Potential Loyalist
KH-0238,19,10,443190000.0,44319000,10.2,3,2,1,321,About To Sleep
KH-0239,58,12,332100000.0,27675000,8.5,1,3,1,131,Lost Customers
KH-0240,12,5,548235000.0,109647000,7.7,4,1,2,412,New Customers
KH-0241,22,12,506595000.0,42216250,9.4,3,3,2,332,Hibernating
KH-0242,5,20,1795995000.0,89799750,11.7,5,5,4,554,Champions
KH-0243,56,19,6174495000.0,324973421,8.9,1,5,5,155,Cannot Lose Them
KH-0244,12,13,1074510000.0,82654615,11.6,4,3,3,433,Potential Loyalist
KH-0245,54,17,2017875000.0,118698529,10.1,1,5,5,155,Cannot Lose Them
KH-0246,33,15,1145760000.0,76384000,10.4,2,4,3,243,At Risk
KH-0247,6,9,839175000.0,93241667,10.4,5,1,3,513,Promising
KH-0248,5,19,1059720000.0,55774737,11.7,5,5,3,553,Potential Loyalist
KH-0249,20,12,1705305000.0,142108750,10.9,3,3,4,334,Need Attention
KH-0250,1,11,213915000.0,19446818,10.0,5,2,1,521,Promising
KH-0251,14,8,879645000.0,109955625,11.4,4,1,3,413,Promising
KH-0252,25,17,1061640000.0,62449412,10.7,3,5,3,353,Potential Loyalist
KH-0253,31,10,796710000.0,79671000,8.8,2,2,3,223,Hibernating
KH-0254,17,14,810810000.0,57915000,11.4,3,4,3,343,Need Attention
KH-0255,2,16,3293925000.0,205870312,11.2,5,5,5,555,Champions
KH-0256,12,15,758595000.0,50573000,10.9,4,4,2,442,Potential Loyalist
KH-0257,5,14,712260000.0,50875714,11.9,5,4,2,542,Potential Loyalist
KH-0258,20,11,460125000.0,41829545,11.3,3,2,1,321,About To Sleep
KH-0259,5,17,1252035000.0,73649118,11.0,5,5,4,554,Champions
KH-0260,22,7,1135890000.0,162270000,8.4,3,1,3,313,Promising
KH-0261,57,18,5642265000.0,313459167,9.2,1,5,5,155,Cannot Lose Them
KH-0262,19,12,1112715000.0,92726250,11.2,3,3,3,333,Potential Loyalist
KH-0263,167,8,764055000.0,95506875,6.2,1,1,2,112,Lost Customers
KH-0264,66,15,1451580000.0,96772000,9.7,1,4,4,144,Cannot Lose Them
KH-0265,19,16,589395000.0,36837188,9.4,3,5,2,352,Potential Loyalist
KH-0266,4,13,928905000.0,71454231,11.7,5,3,3,533,Potential Loyalist
KH-0267,19,12,1248555000.0,104046250,11.0,3,3,4,334,Need Attention
KH-0268,88,4,33765000.0,8441250,4.4,1,1,1,111,Lost Customers
KH-0269,8,8,481065000.0,60133125,9.9,4,1,2,412,New Customers
KH-0270,85,12,534600000.0,44550000,8.5,1,3,2,132,Hibernating
KH-0271,4,14,401595000.0,28685357,10.0,5,4,1,541,Potential Loyalist
KH-0272,65,7,581790000.0,83112857,8.9,1,1,2,112,Lost Customers
KH-0273,93,5,475890000.0,95178000,6.6,1,1,1,111,Lost Customers
KH-0274,7,15,2236470000.0,149098000,11.7,5,4,5,545,Champions
KH-0275,58,8,1656645000.0,207080625,8.9,1,1,4,114,Cannot Lose Them
KH-0276,2,15,2139645000.0,142643000,11.9,5,4,5,545,Champions
KH-0277,54,12,265095000.0,22091250,9.6,1,3,1,131,Lost Customers
KH-0278,114,8,161670000.0,20208750,7.1,1,1,1,111,Lost Customers
KH-0279,1,18,1019955000.0,56664167,11.4,5,5,3,553,Potential Loyalist
KH-0280,4,18,749400000.0,41633333,11.9,5,5,2,552,Potential Loyalist
KH-0281,11,15,1247985000.0,83199000,10.1,4,4,4,444,Loyal
KH-0282,32,18,5252115000.0,291784167,11.0,2,5,5,255,At Risk
KH-0283,20,20,814965000.0,40748250,9.3,3,5,3,353,Potential Loyalist
KH-0284,13,12,708225000.0,59018750,9.0,4,3,2,432,Potential Loyalist
KH-0285,9,15,360675000.0,24045000,11.7,4,4,1,441,Potential Loyalist
KH-0286,14,18,3243495000.0,180194167,11.6,4,5,5,455,Champions
KH-0287,41,20,3549990000.0,177499500,10.5,2,5,5,255,At Risk
KH-0288,59,12,1506525000.0,125543750,10.1,1,3,4,134,At Risk
KH-0289,2,20,1189020000.0,59451000,11.8,5,5,3,553,Potential Loyalist
KH-0290,29,10,1062000000.0,106200000,9.6,2,2,3,223,Hibernating
KH-0291,7,11,557910000.0,50719091,10.2,5,2,2,522,Promising
KH-0292,14,14,1648905000.0,117778929,11.4,4,4,4,444,Loyal
KH-0293,44,13,976890000.0,75145385,9.2,2,3,3,233,Hibernating
KH-0294,40,10,2305380000.0,230538000,10.0,2,2,5,225,At Risk
KH-0295,8,15,1210935000.0,80729000,11.7,4,4,4,444,Loyal
KH-0296,18,10,313335000.0,31333500,10.7,3,2,1,321,About To Sleep
KH-0297,45,14,512220000.0,36587143,10.5,2,4,2,242,At Risk
KH-0298,8,14,3577740000.0,255552857,11.3,4,4,5,445,Champions
KH-0299,5,13,988815000.0,76062692,11.6,5,3,3,533,Potential Loyalist
KH-0300,4,19,4423215000.0,232800789,10.7,5,5,5,555,Champions
KH-0301,14,14,709620000.0,50687143,11.0,4,4,2,442,Potential Loyalist
KH-0302,17,11,5115855000.0,465077727,10.7,3,2,5,325,Need Attention
KH-0303,40,14,7441920000.0,531565714,9.7,2,4,5,245,At Risk
KH-0304,64,10,732870000.0,73287000,9.6,1,2,2,122,Hibernating
KH-0305,12,13,2463300000.0,189484615,11.2,4,3,5,435,Loyal
KH-0306,18,13,840300000.0,64638462,8.0,3,3,3,333,Potential Loyalist
KH-0307,21,14,2234340000.0,159595714,10.9,3,4,5,345,Loyal
KH-0308,51,12,914070000.0,76172500,9.8,1,3,3,133,At Risk
KH-0309,9,8,104415000.0,13051875,6.7,4,1,1,411,New Customers
KH-0310,129,10,257055000.0,25705500,6.8,1,2,1,121,Lost Customers
KH-0311,1,14,599070000.0,42790714,11.0,5,4,2,542,Potential Loyalist
KH-0312,35,10,447480000.0,44748000,9.9,2,2,1,221,About To Sleep
KH-0313,17,13,800220000.0,61555385,9.7,3,3,3,333,Potential Loyalist
KH-0314,17,15,493665000.0,32911000,11.4,3,4,2,342,Potential Loyalist
KH-0315,20,16,1560900000.0,97556250,11.1,3,5,4,354,Loyal
KH-0316,50,12,828825000.0,69068750,10.2,1,3,3,133,At Risk
KH-0317,20,7,774165000.0,110595000,9.6,3,1,3,313,Promising
KH-0318,14,14,1973955000.0,140996786,10.9,4,4,5,445,Champions
KH-0319,41,14,443355000.0,31668214,10.3,2,4,1,241,About To Sleep
KH-0320,49,14,2931255000.0,209375357,10.1,2,4,5,245,At Risk
KH-0321,8,21,1300305000.0,61919286,11.7,4,5,4,454,Champions
KH-0322,35,16,3169815000.0,198113438,10.5,2,5,5,255,At Risk
KH-0323,79,11,1425975000.0,129634091,9.4,1,2,4,124,At Risk
KH-0324,27,14,1228335000.0,87738214,8.8,3,4,4,344,Loyal
KH-0325,3,14,1178505000.0,84178929,11.4,5,4,3,543,Loyal
KH-0326,38,10,722490000.0,72249000,9.8,2,2,2,222,Hibernating
KH-0327,3,11,693225000.0,63020455,11.7,5,2,2,522,Promising
KH-0328,24,14,1080675000.0,77191071,10.5,3,4,3,343,Need Attention
KH-0329,31,13,590130000.0,45394615,10.9,2,3,2,232,Hibernating
KH-0330,25,12,1420185000.0,118348750,11.1,3,3,4,334,Need Attention
KH-0331,24,12,1183155000.0,98596250,9.7,3,3,3,333,Potential Loyalist
KH-0332,72,12,891795000.0,74316250,7.1,1,3,3,133,At Risk
KH-0333,31,16,469200000.0,29325000,10.5,2,5,1,251,About To Sleep
KH-0334,28,11,381615000.0,34692273,10.7,3,2,1,321,About To Sleep
KH-0335,11,13,2922735000.0,224825769,10.2,4,3,5,435,Loyal
KH-0336,11,11,423285000.0,38480455,10.1,4,2,1,421,New Customers
KH-0337,5,12,1689615000.0,140801250,11.3,5,3,4,534,Need Attention
KH-0338,31,16,1378320000.0,86145000,10.5,2,5,4,254,At Risk
KH-0339,20,14,1705920000.0,121851429,11.3,3,4,4,344,Loyal
KH-0340,20,12,361005000.0,30083750,10.9,3,3,1,331,About To Sleep
KH-0341,30,11,322530000.0,29320909,9.8,2,2,1,221,About To Sleep
KH-0342,97,16,2950725000.0,184420312,8.7,1,5,5,155,Cannot Lose Them
KH-0343,57,13,199200000.0,15323077,8.9,1,3,1,131,Lost Customers
KH-0344,36,11,779145000.0,70831364,10.4,2,2,3,223,Hibernating
KH-0345,3,7,1398945000.0,199849286,10.0,5,1,4,514,Promising
KH-0346,15,12,5474700000.0,456225000,10.7,4,3,5,435,Loyal
KH-0347,28,11,801225000.0,72838636,9.2,3,2,3,323,Potential Loyalist
KH-0348,17,11,2050680000.0,186425455,10.4,3,2,5,325,Need Attention
KH-0349,16,7,348300000.0,49757143,9.5,4,1,1,411,New Customers
KH-0350,62,11,885690000.0,80517273,9.2,1,2,3,123,Hibernating
KH-0351,34,11,720585000.0,65507727,10.7,2,2,2,222,Hibernating
KH-0352,25,15,603750000.0,40250000,11.0,3,4,2,342,Potential Loyalist
KH-0353,8,13,762660000.0,58666154,10.7,4,3,2,432,Potential Loyalist
KH-0354,8,17,1311435000.0,77143235,11.3,4,5,4,454,Champions
KH-0355,38,6,165405000.0,27567500,5.3,2,1,1,211,Hibernating
KH-0356,22,19,755715000.0,39774474,10.9,3,5,2,352,Potential Loyalist
KH-0357,65,10,1208280000.0,120828000,7.5,1,2,4,124,At Risk
KH-0358,15,16,257415000.0,16088438,11.0,4,5,1,451,Potential Loyalist
KH-0359,9,17,1769790000.0,104105294,10.6,4,5,4,454,Champions
KH-0360,1,15,3701925000.0,246795000,10.8,5,4,5,545,Champions
KH-0361,17,20,1478910000.0,73945500,10.1,3,5,4,354,Loyal
KH-0362,15,8,778290000.0,97286250,11.4,4,1,3,413,Promising
KH-0363,4,19,2703735000.0,142301842,10.2,5,5,5,555,Champions
KH-0364,40,10,918930000.0,91893000,8.9,2,2,3,223,Hibernating
KH-0365,1,14,574815000.0,41058214,12.0,5,4,2,542,Potential Loyalist
KH-0366,43,8,1873875000.0,234234375,8.7,2,1,4,214,Cannot Lose Them
KH-0367,34,7,114630000.0,16375714,10.6,2,1,1,211,Hibernating
KH-0368,7,12,493680000.0,41140000,11.5,5,3,2,532,Potential Loyalist
KH-0369,9,19,2022405000.0,106442368,11.4,4,5,5,455,Champions
KH-0370,36,15,642150000.0,42810000,10.1,2,4,2,242,At Risk
KH-0371,27,8,245970000.0,30746250,10.5,3,1,1,311,New Customers
KH-0372,53,10,548610000.0,54861000,9.6,1,2,2,122,Hibernating
KH-0373,24,13,1248390000.0,96030000,11.0,3,3,4,334,Need Attention
KH-0374,18,17,1112895000.0,65464412,11.3,3,5,3,353,Potential Loyalist
KH-0375,25,12,1768995000.0,147416250,10.2,3,3,4,334,Need Attention
KH-0376,49,10,560595000.0,56059500,10.3,2,2,2,222,Hibernating
KH-0377,24,9,401835000.0,44648333,10.8,3,1,1,311,New Customers
KH-0378,2,13,1674000000.0,128769231,9.6,5,3,4,534,Need Attention
KH-0379,58,10,1243860000.0,124386000,6.9,1,2,4,124,At Risk
KH-0380,85,7,508275000.0,72610714,7.9,1,1,2,112,Lost Customers
KH-0381,30,10,858240000.0,85824000,9.2,2,2,3,223,Hibernating
KH-0382,4,17,1128075000.0,66357353,11.0,5,5,3,553,Potential Loyalist
KH-0383,107,8,266895000.0,33361875,8.0,1,1,1,111,Lost Customers
KH-0384,16,12,1778640000.0,148220000,9.9,4,3,4,434,Need Attention
KH-0385,50,11,474195000.0,43108636,10.4,1,2,1,121,Lost Customers
KH-0386,114,9,944145000.0,104905000,7.8,1,1,3,113,Cannot Lose Them
KH-0387,12,14,567570000.0,40540714,11.4,4,4,2,442,Potential Loyalist
KH-0388,7,12,1085040000.0,90420000,11.7,5,3,3,533,Potential Loyalist
KH-0389,8,12,1212330000.0,101027500,11.5,4,3,4,434,Need Attention
KH-0390,8,13,634335000.0,48795000,10.6,4,3,2,432,Potential Loyalist
KH-0391,13,12,649530000.0,54127500,10.8,4,3,2,432,Potential Loyalist
KH-0392,4,9,2162970000.0,240330000,9.5,5,1,5,515,Promising
KH-0393,13,13,2343375000.0,180259615,11.3,4,3,5,435,Loyal
KH-0394,59,14,739065000.0,52790357,9.9,1,4,2,142,At Risk
KH-0395,22,14,2003415000.0,143101071,11.2,3,4,5,345,Loyal
KH-0396,20,11,375255000.0,34114091,7.9,3,2,1,321,About To Sleep
KH-0397,13,13,828375000.0,63721154,9.1,4,3,3,433,Potential Loyalist
KH-0398,36,13,536205000.0,41246538,10.0,2,3,2,232,Hibernating
KH-0399,17,14,3452130000.0,246580714,11.4,3,4,5,345,Loyal
KH-0400,69,11,519360000.0,47214545,8.4,1,2,2,122,Hibernating
KH-0401,10,15,840870000.0,56058000,10.8,4,4,3,443,Need Attention
KH-0402,24,15,1848135000.0,123209000,10.9,3,4,4,344,Loyal
KH-0403,5,16,1244205000.0,77762812,11.7,5,5,4,554,Champions
KH-0404,6,9,980250000.0,108916667,10.4,5,1,3,513,Promising
KH-0405,4,8,379200000.0,47400000,9.6,5,1,1,511,New Customers
KH-0406,58,12,1462830000.0,121902500,8.9,1,3,4,134,At Risk
KH-0407,27,14,523665000.0,37404643,10.6,3,4,2,342,Potential Loyalist
KH-0408,77,12,2951655000.0,245971250,7.1,1,3,5,135,At Risk
KH-0409,26,13,606885000.0,46683462,11.1,3,3,2,332,Hibernating
KH-0410,17,16,1438335000.0,89895938,11.4,3,5,4,354,Loyal
KH-0411,11,15,601575000.0,40105000,11.3,4,4,2,442,Potential Loyalist
KH-0412,21,15,5373465000.0,358231000,11.1,3,4,5,345,Loyal
KH-0413,6,12,1584585000.0,132048750,11.6,5,3,4,534,Need Attention
KH-0414,56,7,230745000.0,32963571,9.9,1,1,1,111,Lost Customers
KH-0415,8,9,1041900000.0,115766667,10.9,4,1,3,413,Promising
KH-0416,12,10,212775000.0,21277500,10.9,4,2,1,421,New Customers
KH-0417,8,17,1734105000.0,102006176,11.7,4,5,4,454,Champions
KH-0418,8,14,928005000.0,66286071,11.5,4,4,3,443,Need Attention
KH-0419,4,15,2098845000.0,139923000,9.4,5,4,5,545,Champions
KH-0420,24,11,2251875000.0,204715909,11.1,3,2,5,325,Need Attention
KH-0421,46,16,593265000.0,37079062,9.2,2,5,2,252,At Risk
KH-0422,25,19,1933950000.0,101786842,11.2,3,5,5,355,Loyal
KH-0423,38,14,933285000.0,66663214,10.5,2,4,3,243,At Risk
KH-0424,46,8,619110000.0,77388750,9.6,2,1,2,212,Hibernating
KH-0425,21,20,1269330000.0,63466500,10.7,3,5,4,354,Loyal
KH-0426,38,10,486735000.0,48673500,8.9,2,2,2,222,Hibernating
KH-0427,44,17,1693605000.0,99623824,10.5,2,5,4,254,At Risk
KH-0428,3,11,2362605000.0,214782273,11.9,5,2,5,525,Promising
KH-0429,35,9,1915440000.0,212826667,10.3,2,1,5,215,Cannot Lose Them
KH-0430,25,15,1286460000.0,85764000,10.5,3,4,4,344,Loyal
KH-0431,7,13,817635000.0,62895000,10.2,5,3,3,533,Potential Loyalist
KH-0432,4,13,1170945000.0,90072692,11.7,5,3,3,533,Potential Loyalist
KH-0433,31,17,1394010000.0,82000588,10.9,2,5,4,254,At Risk
KH-0434,109,6,2945340000.0,490890000,7.7,1,1,5,115,Cannot Lose Them
KH-0435,3,15,667770000.0,44518000,11.6,5,4,2,542,Potential Loyalist
KH-0436,37,10,522390000.0,52239000,6.6,2,2,2,222,Hibernating
KH-0437,26,10,703350000.0,70335000,10.8,3,2,2,322,Hibernating
KH-0438,17,10,1812015000.0,181201500,11.3,3,2,4,324,Need Attention
KH-0439,50,13,2907570000.0,223659231,9.8,1,3,5,135,At Risk
KH-0440,37,10,1006905000.0,100690500,9.1,2,2,3,223,Hibernating
KH-0441,36,13,517830000.0,39833077,9.3,2,3,2,232,Hibernating
KH-0442,3,15,1160745000.0,77383000,11.3,5,4,3,543,Loyal
KH-0443,58,11,1817400000.0,165218182,9.2,1,2,4,124,At Risk
KH-0444,7,12,683310000.0,56942500,10.3,5,3,2,532,Potential Loyalist
KH-0445,10,11,351000000.0,31909091,11.3,4,2,1,421,New Customers
KH-0446,1,15,604710000.0,40314000,11.3,5,4,2,542,Potential Loyalist
KH-0447,9,11,2689620000.0,244510909,10.6,4,2,5,425,Promising
KH-0448,13,16,1049040000.0,65565000,11.1,4,5,3,453,Potential Loyalist
KH-0449,2,11,1638255000.0,148932273,11.5,5,2,4,524,Promising
KH-0450,53,9,327930000.0,36436667,8.5,1,1,1,111,Lost Customers
KH-0451,7,9,616350000.0,68483333,11.2,5,1,2,512,New Customers
KH-0452,4,9,753660000.0,83740000,11.8,5,1,2,512,New Customers
KH-0453,118,8,3525315000.0,440664375,6.0,1,1,5,115,Cannot Lose Them
KH-0454,18,16,586200000.0,36637500,11.1,3,5,2,352,Potential Loyalist
KH-0455,44,10,179205000.0,17920500,8.1,2,2,1,221,About To Sleep
KH-0456,5,18,1171350000.0,65075000,10.5,5,5,3,553,Potential Loyalist
KH-0457,1,12,999840000.0,83320000,11.9,5,3,3,533,Potential Loyalist
KH-0458,15,12,780180000.0,65015000,11.1,4,3,3,433,Potential Loyalist
KH-0459,102,8,97110000.0,12138750,8.1,1,1,1,111,Lost Customers
KH-0460,33,13,2982255000.0,229404231,9.7,2,3,5,235,At Risk
KH-0461,39,10,495240000.0,49524000,9.9,2,2,2,222,Hibernating
KH-0462,45,9,855300000.0,95033333,6.9,2,1,3,213,About To Sleep
KH-0463,11,14,606735000.0,43338214,11.6,4,4,2,442,Potential Loyalist
KH-0464,32,16,2288460000.0,143028750,9.6,2,5,5,255,At Risk
KH-0465,46,9,2123265000.0,235918333,10.1,2,1,5,215,Cannot Lose Them
KH-0466,61,14,2007765000.0,143411786,9.8,1,4,5,145,At Risk
KH-0467,5,9,261765000.0,29085000,11.6,5,1,1,511,New Customers
KH-0468,37,11,1221450000.0,111040909,10.6,2,2,4,224,At Risk
KH-0469,51,15,574095000.0,38273000,10.1,1,4,2,142,At Risk
KH-0470,28,17,3075990000.0,180940588,10.2,3,5,5,355,Loyal
KH-0471,77,16,2060325000.0,128770312,8.5,1,5,5,155,Cannot Lose Them
KH-0472,11,15,4666890000.0,311126000,10.3,4,4,5,445,Champions
KH-0473,13,10,530625000.0,53062500,9.6,4,2,2,422,New Customers
KH-0474,55,14,5377410000.0,384100714,9.7,1,4,5,145,At Risk
KH-0475,8,9,1036305000.0,115145000,11.0,4,1,3,413,Promising
KH-0476,22,11,333090000.0,30280909,10.4,3,2,1,321,About To Sleep
KH-0477,4,18,1199040000.0,66613333,11.7,5,5,3,553,Potential Loyalist
KH-0478,48,13,1752930000.0,134840769,10.0,2,3,4,234,At Risk
KH-0479,3,14,689010000.0,49215000,11.5,5,4,2,542,Potential Loyalist
KH-0480,49,9,271125000.0,30125000,9.1,2,1,1,211,Hibernating
KH-0481,112,12,317940000.0,26495000,8.3,1,3,1,131,Lost Customers
KH-0482,13,18,3623505000.0,201305833,11.3,4,5,5,455,Champions
KH-0483,43,5,1047585000.0,209517000,7.8,2,1,3,213,About To Sleep
KH-0484,41,21,1098930000.0,52330000,10.2,2,5,3,253,At Risk
KH-0485,21,4,222525000.0,55631250,11.1,3,1,1,311,New Customers
KH-0486,47,16,1582005000.0,98875312,9.7,2,5,4,254,At Risk
KH-0487,6,22,1021665000.0,46439318,11.5,5,5,3,553,Potential Loyalist
KH-0488,31,10,1476255000.0,147625500,8.5,2,2,4,224,At Risk
KH-0489,7,15,622965000.0,41531000,11.3,5,4,2,542,Potential Loyalist
KH-0490,7,11,291480000.0,26498182,10.4,5,2,1,521,Promising
KH-0491,6,11,424815000.0,38619545,11.8,5,2,1,521,Promising
KH-0492,15,15,2513025000.0,167535000,10.0,4,4,5,445,Champions
KH-0493,58,10,4656915000.0,465691500,9.4,1,2,5,125,At Risk
KH-0494,9,16,1869060000.0,116816250,11.6,4,5,4,454,Champions
KH-0495,43,15,1264800000.0,84320000,10.2,2,4,4,244,At Risk
KH-0496,2,14,869460000.0,62104286,10.9,5,4,3,543,Loyal
KH-0497,3,14,1303905000.0,93136071,10.6,5,4,4,544,Champions
KH-0498,23,20,913710000.0,45685500,10.8,3,5,3,353,Potential Loyalist
KH-0499,44,14,940920000.0,67208571,10.1,2,4,3,243,At Risk
KH-0500,16,14,479220000.0,34230000,11.4,4,4,1,441,Potential Loyalist
KH-0501,57,14,2351565000.0,167968929,7.7,1,4,5,145,At Risk
KH-0502,14,13,941160000.0,72396923,10.9,4,3,3,433,Potential Loyalist
KH-0503,2,15,2070330000.0,138022000,11.9,5,4,5,545,Champions
KH-0504,19,15,2209065000.0,147271000,9.5,3,4,5,345,Loyal
KH-0505,38,9,3194220000.0,354913333,10.6,2,1,5,215,Cannot Lose Them
KH-0506,47,10,230955000.0,23095500,9.2,2,2,1,221,About To Sleep
KH-0507,10,12,889635000.0,74136250,9.7,4,3,3,433,Potential Loyalist
KH-0508,25,17,1780635000.0,104743235,10.6,3,5,4,354,Loyal
KH-0509,26,9,192705000.0,21411667,7.6,3,1,1,311,New Customers
KH-0510,60,9,721290000.0,80143333,9.6,1,1,2,112,Lost Customers
KH-0511,17,10,301455000.0,30145500,11.4,3,2,1,321,About To Sleep
KH-0512,7,8,1309125000.0,163640625,11.7,5,1,4,514,Promising
KH-0513,69,9,259260000.0,28806667,8.3,1,1,1,111,Lost Customers
KH-0514,23,17,1324755000.0,77926765,10.8,3,5,4,354,Loyal
KH-0515,6,22,995250000.0,45238636,10.9,5,5,3,553,Potential Loyalist
KH-0516,10,12,1957980000.0,163165000,11.0,4,3,5,435,Loyal
KH-0517,12,8,407625000.0,50953125,5.7,4,1,1,411,New Customers
KH-0518,15,12,1508595000.0,125716250,10.6,4,3,4,434,Need Attention
KH-0519,9,9,1032225000.0,114691667,6.6,4,1,3,413,Promising
KH-0520,6,21,1386435000.0,66020714,11.5,5,5,4,554,Champions
KH-0521,71,12,512205000.0,42683750,8.1,1,3,2,132,Hibernating
KH-0522,20,14,1320390000.0,94313571,11.3,3,4,4,344,Loyal
KH-0523,44,14,2383380000.0,170241429,10.5,2,4,5,245,At Risk
KH-0524,9,15,618435000.0,41229000,10.4,4,4,2,442,Potential Loyalist
KH-0525,59,10,939690000.0,93969000,9.7,1,2,3,123,Hibernating
KH-0526,28,11,2877150000.0,261559091,10.7,3,2,5,325,Need Attention
KH-0527,19,14,3481905000.0,248707500,11.2,3,4,5,345,Loyal
KH-0528,103,8,456990000.0,57123750,7.4,1,1,1,111,Lost Customers
KH-0529,25,14,669345000.0,47810357,10.4,3,4,2,342,Potential Loyalist
KH-0530,3,13,200385000.0,15414231,9.5,5,3,1,531,Potential Loyalist
KH-0531,1,22,710595000.0,32299773,11.7,5,5,2,552,Potential Loyalist
KH-0532,70,8,2071470000.0,258933750,8.9,1,1,5,115,Cannot Lose Them
KH-0533,160,9,871110000.0,96790000,6.4,1,1,3,113,Cannot Lose Them
KH-0534,16,13,1222965000.0,94074231,10.6,4,3,4,434,Need Attention
KH-0535,42,13,4958985000.0,381460385,10.4,2,3,5,235,At Risk
KH-0536,38,11,1082940000.0,98449091,9.9,2,2,3,223,Hibernating
KH-0537,15,18,1232985000.0,68499167,11.5,4,5,4,454,Champions
KH-0538,30,10,418845000.0,41884500,9.3,2,2,1,221,About To Sleep
KH-0539,12,8,339555000.0,42444375,11.4,4,1,1,411,New Customers
KH-0540,6,20,1779600000.0,88980000,10.0,5,5,4,554,Champions
KH-0541,20,14,1429200000.0,102085714,10.0,3,4,4,344,Loyal
KH-0542,122,8,345465000.0,43183125,8.0,1,1,1,111,Lost Customers
KH-0543,2,23,1685565000.0,73285435,11.0,5,5,4,554,Champions
KH-0544,3,10,321345000.0,32134500,9.9,5,2,1,521,Promising
KH-0545,20,12,906855000.0,75571250,8.7,3,3,3,333,Potential Loyalist
KH-0546,31,12,364020000.0,30335000,7.6,2,3,1,231,About To Sleep
KH-0547,23,10,2494005000.0,249400500,11.0,3,2,5,325,Need Attention
KH-0548,58,11,361620000.0,32874545,8.0,1,2,1,121,Lost Customers
KH-0549,15,11,1117890000.0,101626364,8.8,4,2,3,423,Potential Loyalist
KH-0550,82,19,3576825000.0,188253947,9.3,1,5,5,155,Cannot Lose Them
KH-0551,7,15,621405000.0,41427000,11.7,5,4,2,542,Potential Loyalist
KH-0552,11,17,1003260000.0,59015294,11.3,4,5,3,453,Potential Loyalist
KH-0553,31,9,278415000.0,30935000,10.4,2,1,1,211,Hibernating
KH-0554,22,9,1379475000.0,153275000,11.2,3,1,4,314,Promising
KH-0555,89,10,233235000.0,23323500,8.2,1,2,1,121,Lost Customers
KH-0556,5,18,798840000.0,44380000,11.6,5,5,3,553,Potential Loyalist
KH-0557,55,11,1445325000.0,131393182,9.9,1,2,4,124,At Risk
KH-0558,17,16,579630000.0,36226875,11.2,3,5,2,352,Potential Loyalist
KH-0559,7,14,2090640000.0,149331429,10.6,5,4,5,545,Champions
KH-0560,5,14,548850000.0,39203571,11.6,5,4,2,542,Potential Loyalist
KH-0561,26,13,897615000.0,69047308,9.6,3,3,3,333,Potential Loyalist
KH-0562,8,8,267840000.0,33480000,9.9,4,1,1,411,New Customers
KH-0563,28,12,474405000.0,39533750,10.6,3,3,1,331,About To Sleep
KH-0564,53,9,183150000.0,20350000,10.2,1,1,1,111,Lost Customers
KH-0565,15,15,904980000.0,60332000,11.0,4,4,3,443,Need Attention
KH-0566,46,16,1371180000.0,85698750,10.4,2,5,4,254,At Risk
KH-0567,23,14,2854785000.0,203913214,11.1,3,4,5,345,Loyal
KH-0568,8,9,853290000.0,94810000,11.5,4,1,3,413,Promising
KH-0569,90,10,684285000.0,68428500,8.9,1,2,2,122,Hibernating
KH-0570,83,12,3087720000.0,257310000,9.0,1,3,5,135,At Risk
KH-0571,45,8,267015000.0,33376875,10.1,2,1,1,211,Hibernating
KH-0572,49,16,1223895000.0,76493438,10.0,2,5,4,254,At Risk
KH-0573,15,13,830475000.0,63882692,11.1,4,3,3,433,Potential Loyalist
KH-0574,26,10,310860000.0,31086000,10.5,3,2,1,321,About To Sleep
KH-0575,25,13,740445000.0,56957308,11.2,3,3,2,332,Hibernating
KH-0576,28,15,2652030000.0,176802000,10.3,3,4,5,345,Loyal
KH-0577,3,15,926400000.0,61760000,11.8,5,4,3,543,Loyal
KH-0578,48,11,577080000.0,52461818,10.4,2,2,2,222,Hibernating
KH-0579,2,16,1283775000.0,80235938,10.9,5,5,4,554,Champions
KH-0580,24,13,923445000.0,71034231,10.9,3,3,3,333,Potential Loyalist
KH-0581,56,6,375630000.0,62605000,8.9,1,1,1,111,Lost Customers
KH-0582,26,11,175365000.0,15942273,10.7,3,2,1,321,About To Sleep
KH-0583,28,13,1735800000.0,133523077,11.1,3,3,4,334,Need Attention
KH-0584,4,11,1304145000.0,118558636,11.0,5,2,4,524,Promising
KH-0585,4,9,202470000.0,22496667,8.0,5,1,1,511,New Customers
KH-0586,27,22,1206405000.0,54836591,11.0,3,5,3,353,Potential Loyalist
KH-0587,8,7,548550000.0,78364286,11.7,4,1,2,412,New Customers
KH-0588,96,6,1437885000.0,239647500,6.6,1,1,4,114,Cannot Lose Them
KH-0589,24,12,489645000.0,40803750,8.9,3,3,2,332,Hibernating
KH-0590,15,10,1152270000.0,115227000,11.4,4,2,3,423,Potential Loyalist
KH-0591,31,12,2355570000.0,196297500,10.0,2,3,5,235,At Risk
KH-0592,10,13,2373885000.0,182606538,11.1,4,3,5,435,Loyal
KH-0593,29,17,1792080000.0,105416471,11.0,2,5,4,254,At Risk
KH-0594,43,12,486075000.0,40506250,8.2,2,3,2,232,Hibernating
KH-0595,8,10,1443405000.0,144340500,11.8,4,2,4,424,Promising
KH-0596,11,12,428640000.0,35720000,9.1,4,3,1,431,Potential Loyalist
KH-0597,3,17,2723340000.0,160196471,11.3,5,5,5,555,Champions
KH-0598,7,20,3920805000.0,196040250,11.3,5,5,5,555,Champions
KH-0599,2,17,2887845000.0,169873235,10.7,5,5,5,555,Champions
KH-0600,5,11,1414410000.0,128582727,11.8,5,2,4,524,Promising
KH-0601,2,11,989985000.0,89998636,12.0,5,2,3,523,Promising
KH-0602,80,11,259035000.0,23548636,9.0,1,2,1,121,Lost Customers
KH-0603,5,14,435045000.0,31074643,11.8,5,4,1,541,Potential Loyalist
KH-0604,31,8,743070000.0,92883750,8.2,2,1,2,212,Hibernating
KH-0605,27,16,817935000.0,51120938,10.9,3,5,3,353,Potential Loyalist
KH-0606,18,12,448050000.0,37337500,11.3,3,3,1,331,About To Sleep
KH-0607,41,10,397380000.0,39738000,9.9,2,2,1,221,About To Sleep
KH-0608,17,13,730170000.0,56166923,11.4,3,3,2,332,Hibernating
KH-0609,23,15,3639060000.0,242604000,9.2,3,4,5,345,Loyal
KH-0610,3,6,417090000.0,69515000,8.6,5,1,1,511,New Customers
KH-0611,6,10,451695000.0,45169500,10.6,5,2,1,521,Promising
KH-0612,16,19,1222635000.0,64349211,10.9,4,5,4,454,Champions
KH-0613,3,14,623550000.0,44539286,11.0,5,4,2,542,Potential Loyalist
KH-0614,27,7,371670000.0,53095714,10.1,3,1,1,311,New Customers
KH-0615,78,14,776520000.0,55465714,8.4,1,4,3,143,At Risk
KH-0616,27,13,1116690000.0,85899231,10.4,3,3,3,333,Potential Loyalist
KH-0617,12,9,1606560000.0,178506667,10.7,4,1,4,414,Promising
KH-0618,127,9,961050000.0,106783333,6.4,1,1,3,113,Cannot Lose Them
KH-0619,104,8,423615000.0,52951875,7.0,1,1,1,111,Lost Customers
KH-0620,17,8,815625000.0,101953125,9.1,3,1,3,313,Promising
KH-0621,8,9,394590000.0,43843333,10.4,4,1,1,411,New Customers
KH-0622,4,12,2610750000.0,217562500,11.6,5,3,5,535,Need Attention
KH-0623,157,10,1065525000.0,106552500,6.2,1,2,3,123,Hibernating
KH-0624,19,10,135075000.0,13507500,10.1,3,2,1,321,About To Sleep
KH-0625,36,15,1365390000.0,91026000,9.7,2,4,4,244,At Risk
KH-0626,13,20,1726635000.0,86331750,11.6,4,5,4,454,Champions
KH-0627,106,15,3531870000.0,235458000,8.0,1,4,5,145,At Risk
KH-0628,30,20,2407635000.0,120381750,10.6,2,5,5,255,At Risk
KH-0629,6,14,2288745000.0,163481786,10.9,5,4,5,545,Champions
KH-0630,28,12,7946580000.0,662215000,10.4,3,3,5,335,Loyal
KH-0631,5,19,3234360000.0,170229474,11.1,5,5,5,555,Champions
KH-0632,43,8,439905000.0,54988125,9.2,2,1,1,211,Hibernating
KH-0633,11,15,676815000.0,45121000,11.5,4,4,2,442,Potential Loyalist
KH-0634,45,10,672990000.0,67299000,6.6,2,2,2,222,Hibernating
KH-0635,24,13,1019025000.0,78386538,9.3,3,3,3,333,Potential Loyalist
KH-0636,25,11,1256100000.0,114190909,10.0,3,2,4,324,Need Attention
KH-0637,32,14,1301145000.0,92938929,9.5,2,4,4,244,At Risk
KH-0638,31,11,1745880000.0,158716364,10.7,2,2,4,224,At Risk
KH-0639,14,21,1064535000.0,50692143,11.1,4,5,3,453,Potential Loyalist
KH-0640,12,11,1936320000.0,176029091,11.5,4,2,5,425,Promising
KH-0641,21,15,1354350000.0,90290000,11.0,3,4,4,344,Loyal
KH-0642,18,15,1366755000.0,91117000,10.6,3,4,4,344,Loyal
KH-0643,39,9,595965000.0,66218333,7.9,2,1,2,212,Hibernating
KH-0644,3,9,655275000.0,72808333,11.0,5,1,2,512,New Customers
KH-0645,70,9,555675000.0,61741667,6.7,1,1,2,112,Lost Customers
KH-0646,22,11,900360000.0,81850909,11.0,3,2,3,323,Potential Loyalist
KH-0647,5,19,5997435000.0,315654474,10.9,5,5,5,555,Champions
KH-0648,25,9,847305000.0,94145000,9.4,3,1,3,313,Promising
KH-0649,13,10,2599995000.0,259999500,11.6,4,2,5,425,Promising
KH-0650,61,12,638820000.0,53235000,9.7,1,3,2,132,Hibernating
KH-0651,6,17,4998315000.0,294018529,11.6,5,5,5,555,Champions
KH-0652,10,19,1091790000.0,57462632,11.2,4,5,3,453,Potential Loyalist
KH-0653,48,14,1720845000.0,122917500,9.5,2,4,4,244,At Risk
KH-0654,5,19,2034720000.0,107090526,9.9,5,5,5,555,Champions
KH-0655,32,10,347145000.0,34714500,8.6,2,2,1,221,About To Sleep
KH-0656,17,11,3086805000.0,280618636,11.4,3,2,5,325,Need Attention
KH-0657,6,14,850860000.0,60775714,11.7,5,4,3,543,Loyal
KH-0658,9,12,1108050000.0,92337500,9.7,4,3,3,433,Potential Loyalist
KH-0659,2,10,357810000.0,35781000,11.9,5,2,1,521,Promising
KH-0660,15,9,1751745000.0,194638333,11.4,4,1,4,414,Promising
KH-0661,5,15,665280000.0,44352000,11.8,5,4,2,542,Potential Loyalist
KH-0662,11,10,313185000.0,31318500,9.3,4,2,1,421,New Customers
KH-0663,31,6,2511210000.0,418535000,9.2,2,1,5,215,Cannot Lose Them
KH-0664,58,10,1130535000.0,113053500,9.0,1,2,3,123,Hibernating
KH-0665,64,9,419325000.0,46591667,8.9,1,1,1,111,Lost Customers
KH-0666,75,12,507525000.0,42293750,7.4,1,3,2,132,Hibernating
KH-0667,25,13,430860000.0,33143077,11.0,3,3,1,331,About To Sleep
KH-0668,50,9,379890000.0,42210000,9.4,1,1,1,111,Lost Customers
KH-0669,20,10,330375000.0,33037500,10.9,3,2,1,321,About To Sleep
KH-0670,15,16,1443870000.0,90241875,9.0,4,5,4,454,Champions
KH-0671,46,12,864825000.0,72068750,9.5,2,3,3,233,Hibernating
KH-0672,5,18,772275000.0,42904167,11.7,5,5,3,553,Potential Loyalist
KH-0673,17,13,483540000.0,37195385,8.2,3,3,2,332,Hibernating
KH-0674,26,13,1331100000.0,102392308,10.0,3,3,4,334,Need Attention
KH-0675,38,10,601335000.0,60133500,9.5,2,2,2,222,Hibernating
KH-0676,36,10,1053645000.0,105364500,10.6,2,2,3,223,Hibernating
KH-0677,136,9,1921665000.0,213518333,5.3,1,1,5,115,Cannot Lose Them
KH-0678,9,15,1398255000.0,93217000,11.6,4,4,4,444,Loyal
KH-0679,45,15,1571625000.0,104775000,10.4,2,4,4,244,At Risk
KH-0680,8,16,1808700000.0,113043750,9.5,4,5,4,454,Champions
KH-0681,16,13,831975000.0,63998077,11.4,4,3,3,433,Potential Loyalist
KH-0682,3,15,1342380000.0,89492000,10.5,5,4,4,544,Champions
KH-0683,3,14,530355000.0,37882500,11.5,5,4,2,542,Potential Loyalist
KH-0684,44,13,1213035000.0,93310385,9.1,2,3,4,234,At Risk
KH-0685,3,12,1339170000.0,111597500,11.6,5,3,4,534,Need Attention
KH-0686,89,13,1044420000.0,80340000,8.7,1,3,3,133,At Risk
KH-0687,16,23,2681925000.0,116605435,11.0,4,5,5,455,Champions
KH-0688,1,17,884175000.0,52010294,12.0,5,5,3,553,Potential Loyalist
KH-0689,35,11,1231905000.0,111991364,10.1,2,2,4,224,At Risk
KH-0690,53,8,452235000.0,56529375,10.1,1,1,1,111,Lost Customers
KH-0691,11,12,1370565000.0,114213750,9.7,4,3,4,434,Need Attention
KH-0692,34,10,366570000.0,36657000,9.3,2,2,1,221,About To Sleep
KH-0693,17,13,773550000.0,59503846,10.3,3,3,3,333,Potential Loyalist
KH-0694,33,15,1231725000.0,82115000,10.0,2,4,4,244,At Risk
KH-0695,8,17,3944835000.0,232049118,10.6,4,5,5,455,Champions
KH-0696,70,7,220455000.0,31493571,8.0,1,1,1,111,Lost Customers
KH-0697,48,14,574020000.0,41001429,9.4,2,4,2,242,At Risk
KH-0698,20,17,1104240000.0,64955294,10.6,3,5,3,353,Potential Loyalist
KH-0699,8,18,3059865000.0,169992500,11.5,4,5,5,455,Champions
KH-0700,68,8,112965000.0,14120625,7.4,1,1,1,111,Lost Customers
KH-0701,61,16,3459435000.0,216214688,9.3,1,5,5,155,Cannot Lose Them
KH-0702,7,13,225285000.0,17329615,10.7,5,3,1,531,Potential Loyalist
KH-0703,5,12,2021295000.0,168441250,11.6,5,3,5,535,Need Attention
KH-0704,23,9,727125000.0,80791667,10.6,3,1,2,312,About To Sleep
KH-0705,47,11,433215000.0,39383182,10.1,2,2,1,221,About To Sleep
KH-0706,18,12,4057140000.0,338095000,10.3,3,3,5,335,Loyal
KH-0707,8,14,1804020000.0,128858571,10.4,4,4,4,444,Loyal
KH-0708,64,6,174810000.0,29135000,9.1,1,1,1,111,Lost Customers
KH-0709,31,18,454260000.0,25236667,10.2,2,5,1,251,About To Sleep
KH-0710,4,15,4104420000.0,273628000,11.3,5,4,5,545,Champions
KH-0711,34,12,509400000.0,42450000,10.1,2,3,2,232,Hibernating
KH-0712,1,14,506535000.0,36181071,11.5,5,4,2,542,Potential Loyalist
KH-0713,5,14,3173880000.0,226705714,11.5,5,4,5,545,Champions
KH-0714,63,12,4547205000.0,378933750,7.8,1,3,5,135,At Risk
KH-0715,36,12,663375000.0,55281250,9.6,2,3,2,232,Hibernating
KH-0716,42,17,1092690000.0,64275882,10.6,2,5,3,253,At Risk
KH-0717,34,9,451260000.0,50140000,9.2,2,1,1,211,Hibernating
KH-0718,4,12,1455330000.0,121277500,11.6,5,3,4,534,Need Attention
KH-0719,4,13,1003020000.0,77155385,10.9,5,3,3,533,Potential Loyalist
KH-0720,67,6,173655000.0,28942500,9.3,1,1,1,111,Lost Customers
KH-0721,2,12,1586385000.0,132198750,10.1,5,3,4,534,Need Attention
KH-0722,42,9,358710000.0,39856667,8.5,2,1,1,211,Hibernating
KH-0723,6,10,231540000.0,23154000,10.7,5,2,1,521,Promising
KH-0724,20,14,1395600000.0,99685714,11.3,3,4,4,344,Loyal
KH-0725,10,14,519000000.0,37071429,11.6,4,4,2,442,Potential Loyalist
KH-0726,18,16,586575000.0,36660938,10.3,3,5,2,352,Potential Loyalist
KH-0727,8,9,535440000.0,59493333,11.8,4,1,2,412,New Customers
KH-0728,58,7,492930000.0,70418571,10.0,1,1,2,112,Lost Customers
KH-0729,6,14,1795200000.0,128228571,11.2,5,4,4,544,Champions
KH-0730,2,16,769665000.0,48104062,11.0,5,5,3,553,Potential Loyalist
KH-0731,44,14,617070000.0,44076429,10.3,2,4,2,242,At Risk
KH-0732,3,13,734685000.0,56514231,11.4,5,3,2,532,Potential Loyalist
KH-0733,23,12,1006770000.0,83897500,10.7,3,3,3,333,Potential Loyalist
KH-0734,54,12,567705000.0,47308750,9.3,1,3,2,132,Hibernating
KH-0735,24,11,612255000.0,55659545,10.7,3,2,2,322,Hibernating
KH-0736,21,16,2365500000.0,147843750,10.3,3,5,5,355,Loyal
KH-0737,1,14,613665000.0,43833214,11.6,5,4,2,542,Potential Loyalist
KH-0738,94,12,840315000.0,70026250,8.7,1,3,3,133,At Risk
KH-0739,43,17,3073800000.0,180811765,8.7,2,5,5,255,At Risk
KH-0740,16,17,540300000.0,31782353,10.8,4,5,2,452,Potential Loyalist
KH-0741,80,12,594210000.0,49517500,8.5,1,3,2,132,Hibernating
KH-0742,193,8,265080000.0,33135000,4.9,1,1,1,111,Lost Customers
KH-0743,49,9,1155705000.0,128411667,7.9,2,1,3,213,About To Sleep
KH-0744,53,14,1148160000.0,82011429,9.6,1,4,3,143,At Risk
KH-0745,20,15,1509225000.0,100615000,10.3,3,4,4,344,Loyal
KH-0746,4,11,1239405000.0,112673182,10.8,5,2,4,524,Promising
KH-0747,5,10,534975000.0,53497500,11.1,5,2,2,522,Promising
KH-0748,11,10,637980000.0,63798000,5.3,4,2,2,422,New Customers
KH-0749,10,12,708780000.0,59065000,9.7,4,3,2,432,Potential Loyalist
KH-0750,4,9,359550000.0,39950000,11.1,5,1,1,511,New Customers
KH-0751,26,17,1838865000.0,108168529,8.2,3,5,4,354,Loyal
KH-0752,13,6,261420000.0,43570000,10.3,4,1,1,411,New Customers
KH-0753,29,14,3042600000.0,217328571,10.9,2,4,5,245,At Risk
KH-0754,14,14,1729710000.0,123550714,11.3,4,4,4,444,Loyal
KH-0755,4,11,362715000.0,32974091,11.3,5,2,1,521,Promising
KH-0756,4,14,1245870000.0,88990714,10.5,5,4,4,544,Champions
KH-0757,20,14,617775000.0,44126786,10.3,3,4,2,342,Potential Loyalist
KH-0758,1,12,875445000.0,72953750,11.6,5,3,3,533,Potential Loyalist
KH-0759,30,10,986670000.0,98667000,9.1,2,2,3,223,Hibernating
KH-0760,9,8,205470000.0,25683750,9.7,4,1,1,411,New Customers
KH-0761,2,18,1414935000.0,78607500,11.6,5,5,4,554,Champions
KH-0762,53,12,593670000.0,49472500,7.8,1,3,2,132,Hibernating
KH-0763,19,10,564405000.0,56440500,10.3,3,2,2,322,Hibernating
KH-0764,10,13,1639530000.0,126117692,11.2,4,3,4,434,Need Attention
KH-0765,110,7,485835000.0,69405000,7.2,1,1,2,112,Lost Customers
KH-0766,81,12,637305000.0,53108750,9.2,1,3,2,132,Hibernating
KH-0767,7,12,916800000.0,76400000,11.5,5,3,3,533,Potential Loyalist
KH-0768,79,8,929925000.0,116240625,8.0,1,1,3,113,Cannot Lose Them
KH-0769,7,9,503220000.0,55913333,10.2,5,1,2,512,New Customers
KH-0770,57,16,821055000.0,51315938,10.1,1,5,3,153,At Risk
KH-0771,39,13,2169915000.0,166916538,10.4,2,3,5,235,At Risk
KH-0772,8,12,2193135000.0,182761250,11.1,4,3,5,435,Loyal
KH-0773,4,18,1440060000.0,80003333,11.0,5,5,4,554,Champions
KH-0774,37,9,1691775000.0,187975000,10.2,2,1,4,214,Cannot Lose Them
KH-0775,25,16,1542975000.0,96435938,11.0,3,5,4,354,Loyal
KH-0776,35,12,1209465000.0,100788750,10.4,2,3,4,234,At Risk
KH-0777,30,13,2563770000.0,197213077,10.7,2,3,5,235,At Risk
KH-0778,23,13,477960000.0,36766154,10.6,3,3,1,331,About To Sleep
KH-0779,27,14,1612485000.0,115177500,9.7,3,4,4,344,Loyal
KH-0780,65,12,1764690000.0,147057500,8.9,1,3,4,134,At Risk
KH-0781,11,9,616755000.0,68528333,11.5,4,1,2,412,New Customers
KH-0782,35,10,676335000.0,67633500,9.3,2,2,2,222,Hibernating
KH-0783,21,15,1353990000.0,90266000,8.9,3,4,4,344,Loyal
KH-0784,14,21,691995000.0,32952143,11.4,4,5,2,452,Potential Loyalist
KH-0785,47,12,953985000.0,79498750,8.6,2,3,3,233,Hibernating
KH-0786,11,18,8124705000.0,451372500,11.7,4,5,5,455,Champions
